Label,# Samples,Average,Median,90% Line,95% Line,99% Line,Min,Max,Error %,Throughput,Received KB/sec,Sent KB/sec
HTTP Request,25000,1745,600,5596,8603,14098,1,41702,80.004%,123.48484,39.75,20.59
TOTAL,25000,1745,600,5596,8603,14098,1,41702,80.004%,123.48484,39.75,20.59
